A,B,acc_diff,ci_low,ci_high,mcnemar_p,significant_95
Metadata + NB,Metadata,0.006838799720865318,0.0022313328681088096,0.011444521981856193,0.00366978012210966,True
Metadata + NB + Sentiment,Metadata + NB,0.0009769713886950138,-0.002862875087229627,0.004535938590369826,0.6309062788017811,False
Metadata + NB + LDA,Metadata + NB,0.00788555478018138,0.003698534542916909,0.01186671318911374,0.00023438570535221204,True
Metadata + NB + LSA,Metadata + NB,0.00676901605024427,0.0017445917655268817,0.011374738311235144,0.004892989798424197,True
G. Boosting,R. Forest,0.020655966503838052,0.015631542219120772,0.02568039078855544,1.5689278318669309e-15,True
G. Boosting,Neural Net,0.022260990928122837,0.017096999302163348,0.027496510816468995,2.986843156973895e-17,True
G. Boosting,SVM,0.02086531751570131,0.015908932309839446,0.02595952547103975,3.961885082689425e-15,True
G. Boosting,Logistic,0.019888346127006296,0.014863921842288907,0.02505233775296578,4.235932388372545e-14,True
G. Boosting,Ridge,0.02400558269364972,0.01891137473831128,0.02944870900209351,7.648386525784387e-19,True
G. Boosting,OLS,0.02400558269364972,0.01891137473831128,0.02944870900209351,7.648386525784387e-19,True
G. Boosting,Lasso,0.02456385205861833,0.019539427773900938,0.03000697836706212,1.216844121357073e-19,True
